quartet_id,latitude,longitude,d_value_workbook,star_rating_workbook,all_tier1_pass_workbook,kept_despite_failing_tier1,selection_source
1,26.745194,55.934976,0.053,★★★ (3-star),True,False,Original selection (researcher-confirmed or algorithmically matched)
2,49.407189,19.827935,0.423,★★★ (3-star),True,False,Original selection (researcher-confirmed or algorithmically matched)
3,43.82325,-123.131455,0.175,★★★ (3-star),True,False,Original selection (researcher-confirmed or algorithmically matched)
4,8.038907,0.231801,0.091,★★★ (3-star),True,False,Original selection (researcher-confirmed or algorithmically matched)
5,-34.02803,23.170619,0.099,★★★ (3-star),True,False,Original selection (researcher-confirmed or algorithmically matched)
6,0.583064,32.732703,0.11,★★★ (3-star),True,False,Original selection (researcher-confirmed or algorithmically matched)
7,30.508677,31.510029,0.099,★★★ (3-star),True,False,Original selection (researcher-confirmed or algorithmically matched)
8,-18.036591,31.203081,0.076,★★★ (3-star),True,False,Original selection (researcher-confirmed or algorithmically matched)
9,28.213274,84.075498,0.035,★★★ (3-star),True,False,Original selection (researcher-confirmed or algorithmically matched)
10,15.2082,120.913474,0.025,★★★ (3-star),True,False,Original selection (researcher-confirmed or algorithmically matched)
11,35.211726,138.547131,0.364,★★★ (3-star),True,False,Original selection (researcher-confirmed or algorithmically matched)
12,26.544457,119.432939,0.127,★★★ (3-star),True,False,Original selection (researcher-confirmed or algorithmically matched)
13,22.643863,76.097458,0.024,★★★ (3-star),True,False,Original selection (researcher-confirmed or algorithmically matched)
14,30.082668,35.13079,0.11,★★★ (3-star),True,False,"Newly generated candidate, promoted after visual inspection"
15,-8.345773,114.253752,0.264,★★★ (3-star),True,False,Original selection (researcher-confirmed or algorithmically matched)
16,12.746921,77.412924,0.121,★★★ (3-star),True,False,Original selection (researcher-confirmed or algorithmically matched)
17,19.70108,72.893382,0.114,★★★ (3-star),True,False,Original selection (researcher-confirmed or algorithmically matched)
18,31.831506,34.756642,0.037,★★★ (3-star),True,False,Original selection (researcher-confirmed or algorithmically matched)
19,-8.491055,115.388811,0.5,★★★ (3-star),True,False,Original selection (researcher-confirmed or algorithmically matched)
20,12.082296,79.706088,0.035,★★★ (3-star),True,False,Original selection (researcher-confirmed or algorithmically matched)
21,17.079554,-89.016382,0.61,Failed (kept for transparency),False,True,Original selection (researcher-confirmed or algorithmically matched)
22,9.655272,-84.451962,0.225,★★★ (3-star),True,False,Original selection (researcher-confirmed or algorithmically matched)
23,9.784185,-83.845379,0.328,★★★ (3-star),True,False,Original selection (researcher-confirmed or algorithmically matched)
24,10.052932,-84.462822,0.533,★★ (2-star),True,False,Original selection (researcher-confirmed or algorithmically matched)
25,45.846532,12.965043,0.186,★★★ (3-star),True,False,Original selection (researcher-confirmed or algorithmically matched)
26,46.891045,16.095489,0.201,★★★ (3-star),True,False,"Newly generated candidate, promoted after visual inspection"
27,51.849542,5.56591,0.144,★★★ (3-star),True,False,Original selection (researcher-confirmed or algorithmically matched)
28,48.265406,15.944758,0.089,★★★ (3-star),True,False,Original selection (researcher-confirmed or algorithmically matched)
29,36.990087,-3.590452,0.392,★★★ (3-star),True,False,Original selection (researcher-confirmed or algorithmically matched)
30,43.24496,1.288749,0.061,★★★ (3-star),True,False,Original selection (researcher-confirmed or algorithmically matched)
31,45.881669,-0.105381,0.288,★★★ (3-star),True,False,Original selection (researcher-confirmed or algorithmically matched)
32,38.202777,23.96653,0.252,★★★ (3-star),True,False,Original selection (researcher-confirmed or algorithmically matched)
33,47.921663,6.097229,0.465,★★★ (3-star),True,False,Original selection (researcher-confirmed or algorithmically matched)
34,42.582011,-6.312672,0.543,★★ (2-star),True,False,Original selection (researcher-confirmed or algorithmically matched)
35,45.121219,5.093767,0.089,★★★ (3-star),True,False,Original selection (researcher-confirmed or algorithmically matched)
36,37.81318,-8.497341,0.285,★★★ (3-star),True,False,Original selection (researcher-confirmed or algorithmically matched)
37,46.760402,6.748892,0.167,★★★ (3-star),True,False,Original selection (researcher-confirmed or algorithmically matched)
38,55.329647,11.882766,0.03,★★★ (3-star),True,False,Original selection (researcher-confirmed or algorithmically matched)
39,55.682575,11.892698,0.042,★★★ (3-star),True,False,Original selection (researcher-confirmed or algorithmically matched)
40,52.547651,9.209823,0.116,★★★ (3-star),True,False,Original selection (researcher-confirmed or algorithmically matched)
41,51.563265,-1.461936,0.098,★★★ (3-star),True,False,Original selection (researcher-confirmed or algorithmically matched)
42,64.117357,-20.498838,0.017,★★★ (3-star),True,False,Original selection (researcher-confirmed or algorithmically matched)
43,52.719774,11.372092,0.228,★★★ (3-star),True,False,Original selection (researcher-confirmed or algorithmically matched)
44,47.262049,8.967357,0.298,★★★ (3-star),True,False,Original selection (researcher-confirmed or algorithmically matched)
45,45.802775,8.429808,0.394,★★★ (3-star),True,False,Original selection (researcher-confirmed or algorithmically matched)
46,59.218215,14.899258,0.046,★★★ (3-star),True,False,Original selection (researcher-confirmed or algorithmically matched)
47,43.600483,13.270313,0.047,★★★ (3-star),True,False,Original selection (researcher-confirmed or algorithmically matched)
48,37.114694,-2.013009,0.144,★★★ (3-star),True,False,Original selection (researcher-confirmed or algorithmically matched)
49,52.111895,12.748534,0.325,★★★ (3-star),True,False,Original selection (researcher-confirmed or algorithmically matched)
50,41.232557,21.089224,0.137,★★★ (3-star),True,False,Original selection (researcher-confirmed or algorithmically matched)
51,57.700813,-3.395008,0.07,★★★ (3-star),True,False,Original selection (researcher-confirmed or algorithmically matched)
52,46.032604,14.716812,0.395,★★★ (3-star),True,False,Original selection (researcher-confirmed or algorithmically matched)
53,56.180211,9.888343,0.047,★★★ (3-star),True,False,Original selection (researcher-confirmed or algorithmically matched)
54,50.387177,-3.862117,0.096,★★★ (3-star),True,False,Original selection (researcher-confirmed or algorithmically matched)
55,51.683339,6.034345,0.042,★★★ (3-star),True,False,Original selection (researcher-confirmed or algorithmically matched)
56,58.927319,17.099631,0.209,★★★ (3-star),True,False,Original selection (researcher-confirmed or algorithmically matched)
57,44.978394,10.079465,0.03,★★★ (3-star),True,False,Original selection (researcher-confirmed or algorithmically matched)
58,51.780873,-8.867639,0.06,★★★ (3-star),True,False,Original selection (researcher-confirmed or algorithmically matched)
59,42.578517,-0.113526,0.069,★★★ (3-star),True,False,Original selection (researcher-confirmed or algorithmically matched)
60,38.084279,-6.078634,0.316,★★★ (3-star),True,False,Original selection (researcher-confirmed or algorithmically matched)
61,47.317686,9.050645,0.503,★★ (2-star),True,False,Original selection (researcher-confirmed or algorithmically matched)
62,51.33771,13.192147,0.217,★★★ (3-star),True,False,Original selection (researcher-confirmed or algorithmically matched)
63,45.999547,8.58871,0.228,★★★ (3-star),True,False,Original selection (researcher-confirmed or algorithmically matched)
64,57.161113,18.333076,0.049,★★★ (3-star),True,False,Original selection (researcher-confirmed or algorithmically matched)
65,56.111988,8.422854,0.081,★★★ (3-star),True,False,Original selection (researcher-confirmed or algorithmically matched)
66,49.891615,29.3922,0.033,★★★ (3-star),True,False,Original selection (researcher-confirmed or algorithmically matched)
67,43.828035,7.654786,0.317,★★★ (3-star),True,False,Original selection (researcher-confirmed or algorithmically matched)
68,33.5366,-83.081106,0.207,★★★ (3-star),True,False,Original selection (researcher-confirmed or algorithmically matched)
69,49.892165,-124.560029,0.51,★★ (2-star),True,False,Original selection (researcher-confirmed or algorithmically matched)
70,44.042115,-72.603479,0.166,★★★ (3-star),True,False,Original selection (researcher-confirmed or algorithmically matched)
71,19.744333,-155.106879,0.239,★★★ (3-star),True,False,Original selection (researcher-confirmed or algorithmically matched)
72,30.286531,-97.239925,0.469,★★★ (3-star),True,False,Original selection (researcher-confirmed or algorithmically matched)
73,42.618089,-76.724826,0.113,★★★ (3-star),True,False,Original selection (researcher-confirmed or algorithmically matched)
74,35.323776,-87.303772,0.473,★★★ (3-star),True,False,Original selection (researcher-confirmed or algorithmically matched)
75,45.80039,-95.083921,0.075,★★★ (3-star),True,False,Original selection (researcher-confirmed or algorithmically matched)
76,36.39646,-91.983332,0.771,★★ (2-star),True,False,Original selection (researcher-confirmed or algorithmically matched)
77,19.49392,-154.946304,0.112,★★★ (3-star),True,False,Original selection (researcher-confirmed or algorithmically matched)
78,43.792347,-80.322747,0.125,★★★ (3-star),True,False,Original selection (researcher-confirmed or algorithmically matched)
79,35.395322,-105.946757,0.037,★★★ (3-star),True,False,Original selection (researcher-confirmed or algorithmically matched)
80,40.487284,-92.367534,0.092,★★★ (3-star),True,False,Original selection (researcher-confirmed or algorithmically matched)
81,35.479283,-82.348162,0.295,★★★ (3-star),True,False,Original selection (researcher-confirmed or algorithmically matched)
82,35.794218,-79.548599,0.319,★★★ (3-star),True,False,Original selection (researcher-confirmed or algorithmically matched)
83,42.423086,-72.104825,0.413,★★★ (3-star),True,False,Original selection (researcher-confirmed or algorithmically matched)
84,35.451487,-82.287069,0.271,★★★ (3-star),True,False,Original selection (researcher-confirmed or algorithmically matched)
85,35.655129,-82.696187,0.515,★★ (2-star),True,False,Original selection (researcher-confirmed or algorithmically matched)
86,49.416062,-115.423628,0.265,★★★ (3-star),True,False,Original selection (researcher-confirmed or algorithmically matched)
87,45.903944,-71.646884,0.286,★★★ (3-star),True,False,Original selection (researcher-confirmed or algorithmically matched)
88,45.408333,-122.922265,0.505,★★ (2-star),True,False,Original selection (researcher-confirmed or algorithmically matched)
89,37.775639,-77.899928,0.081,★★★ (3-star),True,False,Original selection (researcher-confirmed or algorithmically matched)
90,43.534244,-72.35633,0.187,★★★ (3-star),True,False,Original selection (researcher-confirmed or algorithmically matched)
91,31.577358,-111.330663,0.097,★★★ (3-star),True,False,Original selection (researcher-confirmed or algorithmically matched)
92,18.891371,-98.572339,0.245,★★★ (3-star),True,False,Original selection (researcher-confirmed or algorithmically matched)
93,40.957398,-92.051316,0.042,★★★ (3-star),True,False,Original selection (researcher-confirmed or algorithmically matched)
94,42.525879,-72.789554,0.438,★★★ (3-star),True,False,Original selection (researcher-confirmed or algorithmically matched)
95,42.232787,-76.34217,0.177,★★★ (3-star),True,False,Original selection (researcher-confirmed or algorithmically matched)
96,36.640071,-85.792279,0.415,★★★ (3-star),True,False,Original selection (researcher-confirmed or algorithmically matched)
97,40.535893,-77.818059,0.547,★★ (2-star),True,False,Original selection (researcher-confirmed or algorithmically matched)
98,40.12952,-75.637765,0.073,★★★ (3-star),True,False,Original selection (researcher-confirmed or algorithmically matched)
99,40.009052,-77.1164,0.606,★★ (2-star),True,False,Original selection (researcher-confirmed or algorithmically matched)
100,42.433632,-71.608996,0.157,★★★ (3-star),True,False,Original selection (researcher-confirmed or algorithmically matched)
101,-37.53839,145.474226,0.226,★★★ (3-star),True,False,Original selection (researcher-confirmed or algorithmically matched)
102,-28.430035,153.470574,0.238,★★★ (3-star),True,False,Original selection (researcher-confirmed or algorithmically matched)
103,-26.729528,152.718551,0.276,★★★ (3-star),True,False,Original selection (researcher-confirmed or algorithmically matched)
104,-41.271814,173.006472,0.35,★★★ (3-star),True,False,Original selection (researcher-confirmed or algorithmically matched)
105,-33.224186,151.278573,0.195,★★★ (3-star),True,False,Original selection (researcher-confirmed or algorithmically matched)
106,-40.848993,172.806874,0.672,★★ (2-star),True,False,Original selection (researcher-confirmed or algorithmically matched)
107,-36.731139,175.730585,0.19,★★★ (3-star),True,False,Original selection (researcher-confirmed or algorithmically matched)
108,-26.594966,152.726214,0.178,★★★ (3-star),True,False,Original selection (researcher-confirmed or algorithmically matched)
109,-35.391444,138.46338,0.125,★★★ (3-star),True,False,Original selection (researcher-confirmed or algorithmically matched)
110,-35.997911,145.111709,0.042,★★★ (3-star),True,False,Original selection (researcher-confirmed or algorithmically matched)
111,-13.629295,-72.232709,0.232,★★★ (3-star),True,False,Original selection (researcher-confirmed or algorithmically matched)
112,-23.795549,-46.926605,0.37,★★★ (3-star),True,False,Original selection (researcher-confirmed or algorithmically matched)
113,-35.052645,-59.51279,0.079,★★★ (3-star),True,False,Original selection (researcher-confirmed or algorithmically matched)
114,-37.130076,-72.187405,0.236,★★★ (3-star),True,False,Original selection (researcher-confirmed or algorithmically matched)
115,4.937266,-75.73855,0.483,★★★ (3-star),True,False,Original selection (researcher-confirmed or algorithmically matched)
116,5.061372,-74.236755,0.336,★★★ (3-star),True,False,Original selection (researcher-confirmed or algorithmically matched)
117,13.176568,-16.657114,0.063,★★★ (3-star),True,False,Original selection (researcher-confirmed or algorithmically matched)
118,-25.632318,26.967176,0.051,★★★ (3-star),True,False,Original selection (researcher-confirmed or algorithmically matched)
119,-8.494753,115.081379,0.146,★★★ (3-star),True,False,Original selection (researcher-confirmed or algorithmically matched)
120,-6.365779,39.453167,0.312,★★★ (3-star),True,False,Original selection (researcher-confirmed or algorithmically matched)
121,-33.893539,18.958776,0.131,★★★ (3-star),True,False,Original selection (researcher-confirmed or algorithmically matched)
122,28.31353,83.878369,0.174,★★★ (3-star),True,False,Original selection (researcher-confirmed or algorithmically matched)
123,28.464414,83.668348,0.643,★★ (2-star),True,False,Original selection (researcher-confirmed or algorithmically matched)
124,17.518994,102.955463,0.043,★★★ (3-star),True,False,Original selection (researcher-confirmed or algorithmically matched)
125,13.042134,101.309328,0.119,★★★ (3-star),True,False,Original selection (researcher-confirmed or algorithmically matched)
126,10.42625,-84.750713,0.309,★★★ (3-star),True,False,Original selection (researcher-confirmed or algorithmically matched)
127,38.990948,-9.240627,0.352,★★★ (3-star),True,False,Original selection (researcher-confirmed or algorithmically matched)
128,49.481349,14.440453,0.237,★★★ (3-star),True,False,Original selection (researcher-confirmed or algorithmically matched)
129,55.030884,14.993181,0.475,★★★ (3-star),True,False,Original selection (researcher-confirmed or algorithmically matched)
130,47.640664,10.483004,0.421,★★★ (3-star),True,False,Original selection (researcher-confirmed or algorithmically matched)
131,46.651895,3.716473,0.087,★★★ (3-star),True,False,Original selection (researcher-confirmed or algorithmically matched)
132,46.058297,12.983499,0.038,★★★ (3-star),True,False,Original selection (researcher-confirmed or algorithmically matched)
133,44.661085,8.803369,0.46,★★★ (3-star),True,False,Original selection (researcher-confirmed or algorithmically matched)
134,51.552848,11.787221,0.172,★★★ (3-star),True,False,Original selection (researcher-confirmed or algorithmically matched)
135,59.557291,13.051997,0.316,★★★ (3-star),True,False,Original selection (researcher-confirmed or algorithmically matched)
136,46.964371,1.373627,0.361,★★★ (3-star),True,False,Original selection (researcher-confirmed or algorithmically matched)
137,36.633683,-5.2027,0.542,★★ (2-star),True,False,Original selection (researcher-confirmed or algorithmically matched)
138,47.245936,4.586472,0.231,★★★ (3-star),True,False,Original selection (researcher-confirmed or algorithmically matched)
139,38.346771,-122.973058,0.384,★★★ (3-star),True,False,Original selection (researcher-confirmed or algorithmically matched)
140,48.629878,-123.437678,0.569,★★ (2-star),True,False,Original selection (researcher-confirmed or algorithmically matched)
141,37.094296,-108.170304,0.18,★★★ (3-star),True,False,Original selection (researcher-confirmed or algorithmically matched)
142,44.636197,-72.373328,0.4,★★★ (3-star),True,False,Original selection (researcher-confirmed or algorithmically matched)
143,20.848968,-87.257291,0.344,★★★ (3-star),True,False,Original selection (researcher-confirmed or algorithmically matched)
144,39.009686,-123.367868,0.554,★★ (2-star),True,False,Original selection (researcher-confirmed or algorithmically matched)
145,-26.662654,152.874061,0.178,★★★ (3-star),True,False,Original selection (researcher-confirmed or algorithmically matched)
146,-28.414116,153.33673,0.36,★★★ (3-star),True,False,Original selection (researcher-confirmed or algorithmically matched)
147,-29.100879,-50.633341,0.494,★★★ (3-star),True,False,Original selection (researcher-confirmed or algorithmically matched)
148,-38.972625,-68.13145,0.151,★★★ (3-star),True,False,"Newly generated candidate, promoted after visual inspection"
149,-1.052041,-77.58532,0.429,★★★ (3-star),True,False,Original selection (researcher-confirmed or algorithmically matched)
150,13.330654,-16.010259,0.105,★★★ (3-star),True,False,Original selection (researcher-confirmed or algorithmically matched)
151,-33.872566,25.028221,0.204,★★★ (3-star),True,False,Original selection (researcher-confirmed or algorithmically matched)
152,54.76888,37.996379,0.051,★★★ (3-star),True,False,Original selection (researcher-confirmed or algorithmically matched)
153,55.207609,35.770937,0.102,★★★ (3-star),True,False,Original selection (researcher-confirmed or algorithmically matched)
154,39.974498,26.277327,0.155,★★★ (3-star),True,False,Original selection (researcher-confirmed or algorithmically matched)
155,18.297391,73.722415,0.296,★★★ (3-star),True,False,Original selection (researcher-confirmed or algorithmically matched)
156,-42.819808,147.801153,0.238,★★★ (3-star),True,False,Original selection (researcher-confirmed or algorithmically matched)
157,-30.47042,152.940369,0.382,★★★ (3-star),True,False,Original selection (researcher-confirmed or algorithmically matched)
158,43.933009,0.876668,0.221,★★★ (3-star),True,False,Original selection (researcher-confirmed or algorithmically matched)
159,42.669069,-1.345455,0.2,★★★ (3-star),True,False,Original selection (researcher-confirmed or algorithmically matched)
160,62.203563,24.782437,0.072,★★★ (3-star),True,False,Original selection (researcher-confirmed or algorithmically matched)
161,49.449808,30.716784,0.235,★★★ (3-star),True,False,Original selection (researcher-confirmed or algorithmically matched)
162,45.557945,7.830989,0.251,★★★ (3-star),True,False,Original selection (researcher-confirmed or algorithmically matched)
163,26.73963,55.661757,0.099,★★★ (3-star),True,False,Original selection (researcher-confirmed or algorithmically matched)
164,53.199015,7.087184,0.358,★★★ (3-star),True,False,"Newly generated candidate, promoted after visual inspection"
165,-8.303242,115.220089,0.2,★★★ (3-star),True,False,Original selection (researcher-confirmed or algorithmically matched)
166,19.299291,99.188755,0.201,★★★ (3-star),True,False,Original selection (researcher-confirmed or algorithmically matched)
167,30.903621,34.397062,0.105,★★★ (3-star),True,False,Original selection (researcher-confirmed or algorithmically matched)
168,-34.263387,115.124676,0.13,★★★ (3-star),True,False,Original selection (researcher-confirmed or algorithmically matched)
169,26.93048,87.690319,0.119,★★★ (3-star),True,False,"Newly generated candidate, promoted after visual inspection"
170,27.243992,86.284456,0.803,★★ (2-star),True,False,Original selection (researcher-confirmed or algorithmically matched)
171,10.282388,-61.382822,0.038,★★★ (3-star),True,False,Original selection (researcher-confirmed or algorithmically matched)
172,-4.364657,-79.176765,0.193,★★★ (3-star),True,False,Original selection (researcher-confirmed or algorithmically matched)
173,10.453156,-84.274345,0.258,★★★ (3-star),True,False,Original selection (researcher-confirmed or algorithmically matched)
174,-14.257663,-39.265282,0.259,★★★ (3-star),True,False,Original selection (researcher-confirmed or algorithmically matched)
175,-22.625981,-46.914141,0.037,★★★ (3-star),True,False,Original selection (researcher-confirmed or algorithmically matched)
176,-22.994257,-47.188068,0.134,★★★ (3-star),True,False,Original selection (researcher-confirmed or algorithmically matched)
177,13.135917,-8.048391,0.075,★★★ (3-star),True,False,Original selection (researcher-confirmed or algorithmically matched)
178,28.037134000000002,83.799074,0.483,★★★ (3-star),True,False,Original selection (researcher-confirmed or algorithmically matched)
179,28.612207,34.557279,0.148,★★★ (3-star),True,False,Original selection (researcher-confirmed or algorithmically matched)
180,-3.204382,-78.434897,0.531,★★ (2-star),True,False,Original selection (researcher-confirmed or algorithmically matched)
181,37.01,-2.739901,0.163,★★★ (3-star),True,False,Original selection (researcher-confirmed or algorithmically matched)
182,19.381856,-97.078764,0.269,★★★ (3-star),True,False,Original selection (researcher-confirmed or algorithmically matched)
183,40.867064,-3.057009,0.092,★★★ (3-star),True,False,Original selection (researcher-confirmed or algorithmically matched)
184,36.438188,-105.544605,0.057,★★★ (3-star),True,False,Original selection (researcher-confirmed or algorithmically matched)
185,32.920233,-110.728282,0.271,★★★ (3-star),True,False,Original selection (researcher-confirmed or algorithmically matched)
186,31.952695,-110.933283,0.068,★★★ (3-star),True,False,Original selection (researcher-confirmed or algorithmically matched)
187,43.518894,3.142473,0.218,★★★ (3-star),True,False,Original selection (researcher-confirmed or algorithmically matched)
188,61.425742,34.439842,0.232,★★★ (3-star),True,False,Original selection (researcher-confirmed or algorithmically matched)
189,60.740503,11.36602,0.181,★★★ (3-star),True,False,Original selection (researcher-confirmed or algorithmically matched)
190,58.921292,17.450216,0.334,★★★ (3-star),True,False,Original selection (researcher-confirmed or algorithmically matched)
191,59.38474,13.047757,0.049,★★★ (3-star),True,False,Original selection (researcher-confirmed or algorithmically matched)
192,45.894688,21.880667,0.079,★★★ (3-star),True,False,Original selection (researcher-confirmed or algorithmically matched)
193,49.1941,10.369826,0.099,★★★ (3-star),True,False,Original selection (researcher-confirmed or algorithmically matched)
194,40.147564,-92.378033,0.091,★★★ (3-star),True,False,Original selection (researcher-confirmed or algorithmically matched)
195,56.140901,40.87087,0.076,★★★ (3-star),True,False,Original selection (researcher-confirmed or algorithmically matched)
196,52.984386,-7.924957,0.069,★★★ (3-star),True,False,Original selection (researcher-confirmed or algorithmically matched)
197,48.69161,-123.603499,0.213,★★★ (3-star),True,False,Original selection (researcher-confirmed or algorithmically matched)
198,51.894809,-4.906431,0.22,★★★ (3-star),True,False,Original selection (researcher-confirmed or algorithmically matched)
199,56.400436,10.712567,0.076,★★★ (3-star),True,False,Original selection (researcher-confirmed or algorithmically matched)
200,18.572554,-72.072359,0.172,★★★ (3-star),True,False,Original selection (researcher-confirmed or algorithmically matched)
201,53.277152,-0.79406,0.058,★★★ (3-star),True,False,Original selection (researcher-confirmed or algorithmically matched)
202,55.538228,10.34717,0.033,★★★ (3-star),True,False,Original selection (researcher-confirmed or algorithmically matched)
203,44.810547,-71.884611,0.344,★★★ (3-star),True,False,"Newly generated candidate, promoted after visual inspection"
204,51.946032,-5.087031,0.224,★★★ (3-star),True,False,Original selection (researcher-confirmed or algorithmically matched)
205,55.40829,11.88774,0.039,★★★ (3-star),True,False,Original selection (researcher-confirmed or algorithmically matched)
206,0.949224,36.765913,0.042,★★★ (3-star),True,False,Original selection (researcher-confirmed or algorithmically matched)
207,52.544906,4.980055,0.015,★★★ (3-star),True,False,Original selection (researcher-confirmed or algorithmically matched)
208,-11.469052,-77.27115,0.366,★★★ (3-star),True,False,Original selection (researcher-confirmed or algorithmically matched)
209,-32.728124,28.123413,0.205,★★★ (3-star),True,False,Original selection (researcher-confirmed or algorithmically matched)
210,-26.032377,31.049217,0.147,★★★ (3-star),True,False,Original selection (researcher-confirmed or algorithmically matched)
211,-34.034836,22.236375,0.134,★★★ (3-star),True,False,Original selection (researcher-confirmed or algorithmically matched)
212,-0.787038,36.506111,0.129,★★★ (3-star),True,False,Original selection (researcher-confirmed or algorithmically matched)
